{"Twitter_volume_AAPL": 1.0, "Twitter_volume_UPS": 1.0, "Twitter_volume_PFE": 0.9839307787789103, "Twitter_volume_AMZN": 0.9981096408341403, "Twitter_volume_GOOG": 0.5835777132205605, "Twitter_volume_IBM": 0.9993722536103299, "Twitter_volume_CRM": 0.9767441861817198, "Twitter_volume_KO": 0.9995285242814441, "Twitter_volume_FB": 1.0, "Twitter_volume_CVS": 0.9234338748876244}