{"Twitter_volume_AAPL": {"f1": 0.09745347720434538, "pre": 0.051222651344758986, "rec": 1.0}, "Twitter_volume_UPS": {"f1": 0.142536979317554, "pre": 0.07673745196024674, "rec": 1.0}, "Twitter_volume_PFE": {"f1": 0.5550906561295806, "pre": 0.38416988476431474, "rec": 1.0}, "Twitter_volume_AMZN": {"f1": 0.3509860406155612, "pre": 0.21284600934887235, "rec": 1.0}, "Twitter_volume_GOOG": {"f1": 0.2098602693330555, "pre": 0.11723122264588182, "rec": 1.0}, "Twitter_volume_IBM": {"f1": 0.9833230389335108, "pre": 0.9671931956656219, "rec": 1.0}, "Twitter_volume_CRM": {"f1": 0.8593350390826853, "pre": 0.753363229805546, "rec": 1.0}, "Twitter_volume_KO": {"f1": 0.33380570009957305, "pre": 0.2003402004913362, "rec": 1.0}, "Twitter_volume_FB": {"f1": 0.9795918367599359, "pre": 0.9600000000484848, "rec": 1.0}, "Twitter_volume_CVS": {"f1": 0.3384390960332319, "pre": 0.2036874454768712, "rec": 1.0}}