{
    "0.3": {
        "4": 1.0,
        "5": 1.0,
        "7": 1.0,
        "3": 0.9981096408341403,
        "9": 0.9234338748876244,
        "6": 0.979591836853692,
        "8": 1.0
    }
}