{"Twitter_volume_AAPL": 0.09745347720434538, "Twitter_volume_UPS": 0.09217391330661626, "Twitter_volume_PFE": 0.8459086081914802, "Twitter_volume_AMZN": 0.3394770684357149, "Twitter_volume_GOOG": 0.24968632418463843, "Twitter_volume_IBM": 0.9962453066379909, "Twitter_volume_CRM": 0.8593350390826853, "Twitter_volume_KO": 0.3546929900101412, "Twitter_volume_FB": 0.9789864029926002, "Twitter_volume_CVS": 0.19778346155252197}