{"Twitter_volume_AAPL": {"f1": 0.9937578027621528, "pre": 0.9875930521399676, "rec": 1.0}, "Twitter_volume_UPS": {"f1": 0.9799691834207421, "pre": 0.9607250756473563, "rec": 1.0}, "Twitter_volume_PFE": {"f1": 0.9925187032605518, "pre": 0.9851485148882463, "rec": 1.0}, "Twitter_volume_AMZN": {"f1": 0.9974811083155151, "pre": 0.9949748743781722, "rec": 1.0}, "Twitter_volume_GOOG": {"f1": 0.9987452948588575, "pre": 0.997493734342121, "rec": 1.0}, "Twitter_volume_IBM": {"f1": 0.9993722536103299, "pre": 0.9987452948572831, "rec": 1.0}, "Twitter_volume_CRM": {"f1": 0.9737609330976038, "pre": 0.9542857145469388, "rec": 0.9940476190830498}, "Twitter_volume_KO": {"f1": 0.9981167608303986, "pre": 0.9962406015072927, "rec": 1.0}, "Twitter_volume_FB": {"f1": 0.9974811083155151, "pre": 0.9949748743781722, "rec": 1.0}, "Twitter_volume_CVS": {"f1": 0.9191685914106962, "pre": 0.990049751268533, "rec": 0.8577586209962099}}