{"A4Benchmark-TS6": 1.0, "synthetic_25": 1.0, "real_10": 1.0, "real_25": 1.0, "A3Benchmark-TS30": 0.800000079999968, "synthetic_52": 0.11111116049382444, "synthetic_19": 1.0, "A4Benchmark-TS48": 0.3333335555554815, "real_22": 1.0, "A3Benchmark-TS99": 0.37500007812499025, "real_35": 1.999996000008e-06, "real_48": 1.999996000008e-06, "synthetic_94": 0.6666667777777407, "synthetic_27": 1.0, "real_43": 0.20000005333332976, "synthetic_95": 1.0, "real_28": 0.6425702839954194, "A3Benchmark-TS15": 0.07692314792898862, "synthetic_63": 1.0, "synthetic_15": 0.0053191542270257745, "A3Benchmark-TS88": 0.2500001874999531, "A4Benchmark-TS87": 0.00711744478919968, "real_9": 1.0, "A3Benchmark-TS43": 0.3333335555554815, "synthetic_83": 1.0, "synthetic_28": 1.0, "A3Benchmark-TS66": 1.0, "real_21": 1.0, "A3Benchmark-TS37": 0.7500000624999844, "synthetic_31": 1.0, "synthetic_12": 0.004938276518823325, "synthetic_8": 0.012711868590203948, "A4Benchmark-TS23": 0.019801999607881194, "A4Benchmark-TS67": 0.5000001249999688, "A4Benchmark-TS85": 0.22222239506168995, "real_2": 1.0, "synthetic_44": 1.0, "A3Benchmark-TS45": 0.7500000624999844, "A3Benchmark-TS2": 0.20000015999996798, "A3Benchmark-TS75": 0.4444445679012071, "real_52": 1.0, "real_34": 0.9230769349112408, "synthetic_23": 1.0, "real_55": 0.42857151020406997, "A3Benchmark-TS78": 0.23076928994082388, "A4Benchmark-TS91": 0.03773588536845715, "A3Benchmark-TS84": 0.005291010554015817, "A3Benchmark-TS87": 0.6666668888887406, "synthetic_59": 1.0, "synthetic_74": 1.0, "A4Benchmark-TS20": 0.307692414201167, "A4Benchmark-TS14": 0.8000000399999921, "A3Benchmark-TS70": 0.04000003839999847, "synthetic_6": 0.12500010937498632, "real_60": 1.0, "A4Benchmark-TS15": 0.6666667777777407, "synthetic_3": 0.005747132150878551, "A3Benchmark-TS82": 0.11764716262974556, "synthetic_82": 0.4444445679012071, "A3Benchmark-TS38": 1.999996000008e-06, "A4Benchmark-TS40": 1.0, "real_26": 0.7731958786268467, "A4Benchmark-TS2": 0.5000002499998749, "A4Benchmark-TS93": 0.10000008999999101, "synthetic_85": 1.0, "real_44": 1.999996000008e-06, "real_18": 1.999996000008e-06, "A4Benchmark-TS34": 1.0, "synthetic_11": 1.0, "A4Benchmark-TS8": 0.28571448979586, "real_47": 0.20000015999996798, "real_6": 1.0, "A4Benchmark-TS19": 0.173913115311903, "synthetic_20": 1.0, "A3Benchmark-TS24": 0.6666668888887406, "synthetic_86": 1.0, "A4Benchmark-TS13": 0.8571428979591721, "A3Benchmark-TS12": 0.8000000399999921, "real_45": 1.0, "A4Benchmark-TS81": 0.1666668055555324, "real_13": 1.0, "A4Benchmark-TS21": 0.04255323223177735, "synthetic_84": 1.0, "synthetic_96": 0.09090917355371149, "A4Benchmark-TS90": 0.307692414201167, "synthetic_29": 0.5454546280991587, "A4Benchmark-TS17": 0.22222230864196574, "A4Benchmark-TS10": 0.006024102373348781, "real_37": 0.7472527528076318, "synthetic_14": 1.0, "A4Benchmark-TS79": 0.0048426198312706056, "A3Benchmark-TS40": 0.014684290705773009, "A3Benchmark-TS53": 0.19047626757368888, "synthetic_5": 1.0, "A3Benchmark-TS68": 0.5454546280991587, "synthetic_97": 1.0, "real_23": 1.0, "A3Benchmark-TS20": 0.028985535391723608, "synthetic_58": 1.0, "synthetic_81": 1.0, "A4Benchmark-TS12": 0.010050261205525012, "A3Benchmark-TS85": 0.6666668888887406, "A4Benchmark-TS26": 0.14285726530610496, "A3Benchmark-TS50": 0.03773586721253081, "A4Benchmark-TS69": 1.0, "A4Benchmark-TS42": 0.005263163130193877, "synthetic_76": 1.0, "real_42": 1.0, "real_19": 1.0, "A4Benchmark-TS7": 0.21428577040815927, "real_62": 1.0, "A4Benchmark-TS88": 0.7272727768594951, "synthetic_1": 0.00913242461583368, "A4Benchmark-TS97": 0.11320758063367621, "A3Benchmark-TS3": 0.008670523096327968, "synthetic_69": 1.0, "A4Benchmark-TS32": 0.571428693877516, "A3Benchmark-TS58": 0.10526325207755241, "A4Benchmark-TS66": 1.999996000008e-06, "synthetic_57": 1.0, "A3Benchmark-TS71": 0.2500001874999531, "A4Benchmark-TS64": 0.0363636714049574, "A4Benchmark-TS4": 0.4444445679012072, "synthetic_55": 1.0, "A4Benchmark-TS38": 0.800000079999968, "real_40": 0.7766990312941842, "real_54": 1.999996000008e-06, "A3Benchmark-TS32": 0.5454546280991587, "A3Benchmark-TS29": 0.012578628772595864, "A4Benchmark-TS11": 0.04255323223177735, "A4Benchmark-TS59": 0.004926113276226043, "A4Benchmark-TS35": 0.017241396254458686, "A4Benchmark-TS56": 0.1666668055555324, "A3Benchmark-TS7": 0.800000079999968, "A3Benchmark-TS86": 1.0, "A3Benchmark-TS10": 0.28571448979586, "A4Benchmark-TS95": 0.04081636568096467, "A3Benchmark-TS73": 0.4444445679012071, "A4Benchmark-TS55": 0.023529434740483884, "A3Benchmark-TS35": 0.006535954205647358, "real_38": 1.0, "A3Benchmark-TS22": 0.006033185502162337, "real_8": 1.0, "synthetic_41": 1.0, "A3Benchmark-TS95": 0.024000007807999938, "synthetic_93": 1.0, "A4Benchmark-TS25": 0.009153322612570606, "A3Benchmark-TS57": 1.999996000008e-06, "A4Benchmark-TS99": 0.4444445679012072, "real_31": 0.9787234051607062, "A4Benchmark-TS9": 0.02666669262222153, "A3Benchmark-TS33": 0.7500000624999844, "synthetic_66": 0.003424660947175818, "synthetic_34": 1.0, "A3Benchmark-TS76": 0.800000079999968, "A3Benchmark-TS67": 0.16666673611110536, "A3Benchmark-TS59": 0.33333355555548144, "A3Benchmark-TS83": 0.7500000624999844, "A3Benchmark-TS52": 1.999996000008e-06, "synthetic_70": 1.0, "A3Benchmark-TS18": 0.3333335555554815, "A4Benchmark-TS53": 0.005865108469999362, "A3Benchmark-TS36": 0.1666668055555324, "A4Benchmark-TS24": 0.03389833783395465, "A3Benchmark-TS94": 0.02173915170132279, "real_11": 1.0, "synthetic_92": 0.42857151020407, "A4Benchmark-TS30": 0.10526325207755241, "A3Benchmark-TS65": 0.400000239999904, "synthetic_4": 0.012903232174817859, "synthetic_54": 0.04081636568096467, "synthetic_89": 1.0, "synthetic_32": 1.0, "A3Benchmark-TS47": 0.4444445679012071, "A4Benchmark-TS41": 0.14285720408162828, "A4Benchmark-TS16": 1.999996000008e-06, "synthetic_48": 1.0, "A4Benchmark-TS92": 0.04081634610578886, "A4Benchmark-TS3": 0.800000079999968, "A3Benchmark-TS19": 0.28571448979586, "synthetic_38": 0.03243244289262224, "synthetic_2": 0.011070114350294782, "synthetic_61": 1.0, "A4Benchmark-TS94": 0.035294128996539664, "A4Benchmark-TS89": 0.5454546280991587, "real_66": 0.9500000024999998, "A4Benchmark-TS83": 1.999996000008e-06, "A3Benchmark-TS17": 1.999996000008e-06, "A4Benchmark-TS86": 0.400000239999904, "synthetic_50": 0.08000002453333267, "real_24": 1.0, "A3Benchmark-TS41": 0.6666667407407243, "A3Benchmark-TS63": 0.5000001249999688, "A3Benchmark-TS81": 0.4000000799999894, "A4Benchmark-TS51": 1.999996000008e-06, "A3Benchmark-TS64": 1.0, "A3Benchmark-TS91": 1.0, "A4Benchmark-TS22": 0.012820525476659928, "A4Benchmark-TS31": 0.010752693490576918, "synthetic_16": 0.6666667777777407, "A3Benchmark-TS79": 0.04081634610578886, "real_36": 1.999996000008e-06, "A3Benchmark-TS1": 0.33333355555548144, "synthetic_65": 1.0, "synthetic_91": 1.0, "A4Benchmark-TS70": 0.6666668888887406, "synthetic_51": 1.0, "real_3": 1.0, "synthetic_78": 0.004246288729315122, "real_29": 0.6666667777777407, "A3Benchmark-TS93": 0.8000000399999921, "synthetic_22": 0.006980806258356698, "real_27": 0.6666668888887406, "A3Benchmark-TS56": 0.029850775228335066, "synthetic_87": 1.0, "synthetic_62": 1.0, "A4Benchmark-TS98": 0.027290452135319873, "synthetic_46": 1.0, "A3Benchmark-TS51": 0.2500001874999531, "A4Benchmark-TS77": 0.3333335555554815, "synthetic_77": 1.0, "A4Benchmark-TS74": 0.28571448979586, "real_39": 1.0, "A3Benchmark-TS100": 0.6666667777777407, "real_59": 1.0, "synthetic_9": 1.0, "synthetic_26": 0.03208557184935218, "A3Benchmark-TS62": 0.0319149039157989, "A4Benchmark-TS63": 0.1333334488888735, "real_53": 1.0, "A4Benchmark-TS36": 0.6153846745562039, "A4Benchmark-TS33": 0.13333344888887347, "A4Benchmark-TS68": 0.013422832034592855, "synthetic_49": 1.0, "synthetic_80": 0.05042018402655154, "A4Benchmark-TS60": 0.6666668888887406, "synthetic_30": 1.0, "synthetic_99": 1.0, "synthetic_42": 1.0, "real_16": 1.0, "A3Benchmark-TS9": 0.8888889135802415, "synthetic_90": 1.0, "A4Benchmark-TS49": 0.018348629857194924, "real_57": 0.011928433352173229,